{"schemaVersion":"1.0","appDefinitionTemplate":{"id":"/providers/Microsoft.PowerApps/apps/","type":"Microsoft.PowerApps/apps","tags":{"primaryDeviceWidth":"1366","primaryDeviceHeight":"768","supportsPortrait":"true","supportsLandscape":"true","primaryFormFactor":"Tablet","publisherVersion":"3.23052.29","minimumRequiredApiVersion":"2.2.0","hasComponent":"false","hasUnlockedComponent":"false","isUnifiedRootApp":"false","sienaVersion":"20230530T115046Z-3.23052.29.0"},"properties":{"appVersion":"2023-05-30T11:50:46Z","lifeCycleId":"Published","createdByClientVersion":{"major":3,"minor":23052,"build":29,"revision":0,"majorRevision":0,"minorRevision":0},"minClientVersion":{"major":3,"minor":23052,"build":29,"revision":0,"majorRevision":0,"minorRevision":0},"backgroundColor":"RGBA(0,176,240,1)","backgroundImageUri":"/4363380932176022067/N74be4142-6ed7-4047-b191-c386364076cb-logoSmallFile","displayName":"Desafio DIO","description":"","commitMessage":"","appUris":{"documentUri":{"value":"/4363380932176022067/N0b0fa000-e6ec-416a-9b04-b0bd757570ea-document.msapp"},"imageUris":[],"additionalUris":[]},"createdTime":"0001-01-01T00:00:00Z","lastModifiedTime":"0001-01-01T00:00:00Z","sharedGroupsCount":0,"sharedUsersCount":0,"connectionReferences":{},"databaseReferences":{"default.cds":{"databaseDetails":{"referenceType":"Environmental","environmentName":"default.cds","overrideValues":{"status":"NotSpecified"}},"dataSources":{"Contas":{"entitySetName":"accounts","logicalName":"account"},"Contatos":{"entitySetName":"contacts","logicalName":"contact"},"Conexões":{"entitySetName":"connections","logicalName":"connection"}},"actions":["providers/PowerPlatform.Governance/Operations/Read"]}},"almMode":"Environment","performanceOptimizationEnabled":true,"canConsumeAppPass":true,"enableModernRuntimeMode":false,"executionRestrictions":{"isTeamsOnly":false,"dataLossPreventionEvaluationResult":{"status":"Compliant","lastEvaluationDate":"2023-05-30T11:43:31.7021879Z","violations":[],"violationsByPolicy":[],"violationErrorMessage":"O aplicativo usa os seguintes conectores: shared_commondataservice."}}},"appType":"ClassicCanvasApp","appComponents":[]}}